{
  "uid" : "4b4757e66a1912dae1a509f688f20b0f",
  "name" : "categories",
  "children" : [ {
    "name" : "Product defects",
    "children" : [ {
      "name" : "AssertionError: assert '百度一下，你就知道' == '百度一下'\n  - 百度一下\n  + 百度一下，你就知道",
      "children" : [ {
        "name" : "百度搜索",
        "uid" : "ceb94c267a79c7fe",
        "parentUid" : "57293d66e19e2cabcd183697647516f6",
        "status" : "failed",
        "time" : {
          "start" : 1702982607569,
          "stop" : 1702982607971,
          "duration" : 402
        },
        "flaky" : false,
        "parameters" : [ "{'url': 'https://www.baidu.com', 'input': ['id', 'kw', '你好1111111'], 'click': ['id', 'su'], 'expected': '百度一下', 'case_name': '错误的用例断言'}" ]
      } ],
      "uid" : "57293d66e19e2cabcd183697647516f6"
    } ],
    "uid" : "8fb3a91ba5aaf9de24cc8a92edc82b5d"
  } ]
}