"Status","Start Time","Stop Time","Duration in ms","Parent Suite","Suite","Sub Suite","Test Class","Test Method","Name","Description"
"failed","Tue Dec 19 18:43:27 CST 2023","Tue Dec 19 18:43:27 CST 2023","402","test_case","test_case","TestLogin","","","百度搜索","
            百度搜索
            :param browser:
            :param data:
            :return:
        "
"passed","Tue Dec 19 18:43:26 CST 2023","Tue Dec 19 18:43:26 CST 2023","1","test_case","test_case","TestLogin","","","test_01[data1]",""
"passed","Tue Dec 19 18:43:26 CST 2023","Tue Dec 19 18:43:26 CST 2023","1","test_case","test_case","TestLogin","","","test_01[data0]",""
"passed","Tue Dec 19 18:43:26 CST 2023","Tue Dec 19 18:43:27 CST 2023","1408","test_case","test_case","TestLogin","","","百度搜索","
            百度搜索
            :param browser:
            :param data:
            :return:
        "
"passed","Tue Dec 19 18:43:28 CST 2023","Tue Dec 19 18:43:28 CST 2023","1","test_case","test_case","TestLogin","","","test03",""
