{
  "16be5029274bd8ca5d77cbd11b5a7eea" : {
    "statistic" : {
      "failed" : 0,
      "broken" : 0,
      "skipped" : 0,
      "passed" : 1,
      "unknown" : 0,
      "total" : 1
    },
    "items" : [ {
      "uid" : "c3a7ad203078f9fe",
      "status" : "passed",
      "time" : {
        "start" : 1702982608122,
        "stop" : 1702982608123,
        "duration" : 1
      }
    } ]
  },
  "9dfc7ee03e51801eccc1ee0639086473" : {
    "statistic" : {
      "failed" : 0,
      "broken" : 0,
      "skipped" : 0,
      "passed" : 1,
      "unknown" : 0,
      "total" : 1
    },
    "items" : [ {
      "uid" : "54a1c16dca541401",
      "status" : "passed",
      "time" : {
        "start" : 1702982606154,
        "stop" : 1702982606155,
        "duration" : 1
      }
    } ]
  },
  "5e5959e9c3baf95e0ac15e3a9f6bd2ae" : {
    "statistic" : {
      "failed" : 0,
      "broken" : 0,
      "skipped" : 0,
      "passed" : 1,
      "unknown" : 0,
      "total" : 1
    },
    "items" : [ {
      "uid" : "7af3953107c28d81",
      "status" : "passed",
      "time" : {
        "start" : 1702982606158,
        "stop" : 1702982607566,
        "duration" : 1408
      }
    } ]
  },
  "913fa8f40fcc8d41d6296b3d35e2f4a9" : {
    "statistic" : {
      "failed" : 1,
      "broken" : 0,
      "skipped" : 0,
      "passed" : 0,
      "unknown" : 0,
      "total" : 1
    },
    "items" : [ {
      "uid" : "ceb94c267a79c7fe",
      "status" : "failed",
      "statusDetails" : "AssertionError: assert '百度一下，你就知道' == '百度一下'\n  - 百度一下\n  + 百度一下，你就知道",
      "time" : {
        "start" : 1702982607569,
        "stop" : 1702982607971,
        "duration" : 402
      }
    } ]
  },
  "684d814cf2bdd7d4c4fef5c4d839da7f" : {
    "statistic" : {
      "failed" : 0,
      "broken" : 0,
      "skipped" : 0,
      "passed" : 1,
      "unknown" : 0,
      "total" : 1
    },
    "items" : [ {
      "uid" : "78e046b36d2872a1",
      "status" : "passed",
      "time" : {
        "start" : 1702982606150,
        "stop" : 1702982606151,
        "duration" : 1
      }
    } ]
  }
}