[{"data": {"failed": 1, "broken": 0, "skipped": 0, "passed": 4, "unknown": 0, "total": 5}, "buildOrder": 6}, {"data": {"failed": 1, "broken": 0, "skipped": 0, "passed": 4, "unknown": 0, "total": 5}, "buildOrder": 5}, {"data": {"failed": 3, "broken": 0, "skipped": 0, "passed": 3, "unknown": 0, "total": 6}, "buildOrder": 4}, {"data": {"failed": 5, "broken": 0, "skipped": 0, "passed": 2, "unknown": 0, "total": 7}, "buildOrder": 3}, {"data": {"failed": 1, "broken": 0, "skipped": 0, "passed": 4, "unknown": 0, "total": 5}, "buildOrder": 2}, {"buildOrder": 1, "data": {"broken": 0, "failed": 5, "passed": 4, "skipped": 0, "total": 9, "unknown": 0}}]